land	land_id	name	position	verein	verein_id	gebdatum	alter	marktwert	liga	marktwert_land
Albanien	3561	Etrit Berisha	Torwart	Lazio Rom	398	10.03.1989	27	4000000	Serie A	46125000
Albanien	3561	Alban Hoxha	Torwart	FK Partizani Tiranë	4040	23.11.1987	28	525000	NA	46125000
Albanien	3561	Orges Shehi	Torwart	KF Skënderbeu Korçë	12469	25.09.1977	38	150000	NA	46125000
Albanien	3561	Mergim Mavraj	Innenverteidiger	1.FC Köln	3	09.06.1986	29	1500000	1.Bundesliga	46125000
Albanien	3561	Amir Rrahmani	Innenverteidiger	RNK Split	420	24.02.1994	22	1000000	NA	46125000
Albanien	3561	Lorik Cana	Innenverteidiger	FC Nantes	995	27.07.1983	32	1000000	Ligue 1	46125000
Albanien	3561	Berat Djimsiti	Innenverteidiger	Atalanta Bergamo	800	19.02.1993	23	1000000	Serie A	46125000
Albanien	3561	Arlind Ajeti	Innenverteidiger	Frosinone Calcio	8970	25.09.1993	22	1000000	Serie A	46125000
Albanien	3561	Ermir Lenjani	Linker Verteidiger	FC Nantes	995	05.08.1989	26	1000000	Ligue 1	46125000
Albanien	3561	Naser Aliji	Linker Verteidiger	FC Basel 1893	26	27.12.1993	22	700000	Raiffeisen Super League	46125000
Albanien	3561	Ansi Agolli	Linker Verteidiger	Qarabag Agdam	10625	11.10.1982	33	300000	NA	46125000
Albanien	3561	Elseid Hysaj	Rechter Verteidiger	SSC Neapel	6195	02.02.1994	22	9000000	Serie A	46125000
Albanien	3561	Frédéric Veseli	Rechter Verteidiger	FC Lugano	2790	20.11.1992	23	800000	NA	46125000
Albanien	3561	Taulant Xhaka	Defensives Mittelfeld	FC Basel 1893	26	28.03.1991	25	4000000	Raiffeisen Super League	46125000
Albanien	3561	Ergys Kace	Defensives Mittelfeld	PAOK Thessaloniki	1091	08.07.1993	22	3000000	Super League	46125000
Albanien	3561	Amir Abrashi	Defensives Mittelfeld	SC Freiburg	60	27.03.1990	26	2250000	2.Bundesliga	46125000
Albanien	3561	Migjen Basha	Defensives Mittelfeld	Calcio Como	1047	05.01.1987	29	800000	NA	46125000
Albanien	3561	Andi Lila	Defensives Mittelfeld	PAS Giannina	2671	12.02.1986	30	700000	NA	46125000
Albanien	3561	Burim Kukeli	Defensives Mittelfeld	FC Zürich	260	16.01.1984	32	500000	Raiffeisen Super League	46125000
Albanien	3561	Ledian Memushaj	Zentrales Mittelfeld	Delfino Pescara 1936	2921	07.12.1986	29	1400000	Serie B	46125000
Albanien	3561	Herolind Shala	Offensives Mittelfeld	FC Slovan Liberec	697	01.02.1992	24	1250000	NA	46125000
Albanien	3561	Odise Roshi	Rechtsaußen	HNK Rijeka	144	22.05.1991	25	450000	1.HNL	46125000
Albanien	3561	Shkelzen Gashi	Linksaußen	Colorado Rapids	1247	15.07.1988	27	2750000	Major League Soccer	46125000
Albanien	3561	Milot Rashica	Rechtsaußen	Vitesse Arnheim	499	28.06.1996	19	2000000	Eredivisie	46125000
Albanien	3561	Sokol Cikalleshi	Mittelstürmer	Medipol Basaksehir	6890	27.07.1990	25	2300000	Süper Lig	46125000
Albanien	3561	Bekim Balaj	Mittelstürmer	HNK Rijeka	144	11.01.1991	25	2000000	1.HNL	46125000
Albanien	3561	Armando Sadiku	Mittelstürmer	FC Vaduz	163	27.05.1991	24	750000	NA	46125000
Belgien	3382	Thibaut Courtois	Torwart	FC Chelsea	631	11.05.1992	24	35000000	Premier League	469150000
Belgien	3382	Simon Mignolet	Torwart	FC Liverpool	31	06.03.1988	28	12000000	Premier League	469150000
Belgien	3382	Jean-François Gillet	Torwart	KV Mechelen	354	31.05.1979	36	400000	Jupiler Pro League	469150000
Belgien	3382	Toby Alderweireld	Innenverteidiger	Tottenham Hotspur	148	02.03.1989	27	22000000	Premier League	469150000
Belgien	3382	Jan Vertonghen	Innenverteidiger	Tottenham Hotspur	148	24.04.1987	29	21000000	Premier League	469150000
Belgien	3382	Björn Engels	Innenverteidiger	FC Brügge	2282	15.09.1994	21	6500000	Jupiler Pro League	469150000
Belgien	3382	Nicolas Lombaerts	Innenverteidiger	Zenit St. Petersburg	964	20.03.1985	31	6000000	Premier Liga	469150000
Belgien	3382	Thomas Vermaelen	Innenverteidiger	FC Barcelona	131	14.11.1985	30	4000000	Primera División	469150000
Belgien	3382	Jason Denayer	Innenverteidiger	Galatasaray Istanbul	141	28.06.1995	20	4000000	Süper Lig	469150000
Belgien	3382	Laurent Ciman	Innenverteidiger	Montreal Impact	4078	05.08.1985	30	2500000	NA	469150000
Belgien	3382	Dedryck Boyata	Innenverteidiger	Celtic Glasgow	371	28.11.1990	25	1750000	Scottish Premiership	469150000
Belgien	3382	Jordan Lukaku	Linker Verteidiger	KV Oostende	2861	25.07.1994	21	3000000	Jupiler Pro League	469150000
Belgien	3382	Thomas Meunier	Rechter Verteidiger	FC Brügge	2282	12.09.1991	24	6000000	Jupiler Pro League	469150000
Belgien	3382	Axel Witsel	Zentrales Mittelfeld	Zenit St. Petersburg	964	12.01.1989	27	28000000	Premier Liga	469150000
Belgien	3382	Radja Nainggolan	Zentrales Mittelfeld	AS Rom	12	04.05.1988	28	27000000	Serie A	469150000
Belgien	3382	Marouane Fellaini	Zentrales Mittelfeld	Manchester United	985	22.11.1987	28	19000000	Premier League	469150000
Belgien	3382	Mousa Dembélé	Zentrales Mittelfeld	Tottenham Hotspur	148	16.07.1987	28	16000000	Premier League	469150000
Belgien	3382	Kevin De Bruyne	Offensives Mittelfeld	Manchester City	281	28.06.1991	24	60000000	Premier League	469150000
Belgien	3382	Eden Hazard	Linksaußen	FC Chelsea	631	07.01.1991	25	70000000	Premier League	469150000
Belgien	3382	Yannick Carrasco	Linksaußen	Atlético Madrid	13	04.09.1993	22	20000000	Primera División	469150000
Belgien	3382	Dries Mertens	Linksaußen	SSC Neapel	6195	06.05.1987	29	17000000	Serie A	469150000
Belgien	3382	Romelu Lukaku	Mittelstürmer	FC Everton	29	13.05.1993	23	35000000	Premier League	469150000
Belgien	3382	Christian Benteke	Mittelstürmer	FC Liverpool	31	03.12.1990	25	30000000	Premier League	469150000
Belgien	3382	Michy Batshuayi	Mittelstürmer	Olympique Marseille	244	02.10.1993	22	14000000	Ligue 1	469150000
Belgien	3382	Divock Origi	Mittelstürmer	FC Liverpool	31	18.04.1995	21	9000000	Premier League	469150000
Deutschland	3262	Manuel Neuer	Torwart	FC Bayern München	27	27.03.1986	30	45000000	1.Bundesliga	637000000
Deutschland	3262	Bernd Leno	Torwart	Bayer 04 Leverkusen	15	04.03.1992	24	16000000	1.Bundesliga	637000000
Deutschland	3262	Marc-André ter Stegen	Torwart	FC Barcelona	131	30.04.1992	24	15000000	Primera División	637000000
Deutschland	3262	Jérôme Boateng	Innenverteidiger	FC Bayern München	27	03.09.1988	27	40000000	1.Bundesliga	637000000
Deutschland	3262	Mats Hummels	Innenverteidiger	Borussia Dortmund	16	16.12.1988	27	32000000	1.Bundesliga	637000000
Deutschland	3262	Shkodran Mustafi	Innenverteidiger	FC Valencia	1049	17.04.1992	24	20000000	Primera División	637000000
Deutschland	3262	Benedikt Höwedes	Innenverteidiger	FC Schalke 04	33	29.02.1988	28	18000000	1.Bundesliga	637000000
Deutschland	3262	Antonio Rüdiger	Innenverteidiger	AS Rom	12	03.03.1993	23	10000000	Serie A	637000000
Deutschland	3262	Jonas Hector	Linker Verteidiger	1.FC Köln	3	27.05.1990	25	8000000	1.Bundesliga	637000000
Deutschland	3262	Emre Can	Defensives Mittelfeld	FC Liverpool	31	12.01.1994	22	15000000	Premier League	637000000
Deutschland	3262	Julian Weigl	Defensives Mittelfeld	Borussia Dortmund	16	08.09.1995	20	12000000	1.Bundesliga	637000000
Deutschland	3262	Joshua Kimmich	Defensives Mittelfeld	FC Bayern München	27	08.02.1995	21	10000000	1.Bundesliga	637000000
Deutschland	3262	Sebastian Rudy	Defensives Mittelfeld	TSG 1899 Hoffenheim	533	28.02.1990	26	4000000	1.Bundesliga	637000000
Deutschland	3262	Toni Kroos	Zentrales Mittelfeld	Real Madrid	418	04.01.1990	26	50000000	Primera División	637000000
Deutschland	3262	Sami Khedira	Zentrales Mittelfeld	Juventus Turin	506	04.04.1987	29	18000000	Serie A	637000000
Deutschland	3262	Bastian Schweinsteiger	Zentrales Mittelfeld	Manchester United	985	01.08.1984	31	15000000	Premier League	637000000
Deutschland	3262	Mesut Özil	Offensives Mittelfeld	FC Arsenal	11	15.10.1988	27	50000000	Premier League	637000000
Deutschland	3262	Mario Götze	Offensives Mittelfeld	FC Bayern München	27	03.06.1992	23	35000000	1.Bundesliga	637000000
Deutschland	3262	Julian Draxler	Offensives Mittelfeld	VfL Wolfsburg	82	20.09.1993	22	22000000	1.Bundesliga	637000000
Deutschland	3262	Julian Brandt	Linksaußen	Bayer 04 Leverkusen	15	02.05.1996	20	10000000	1.Bundesliga	637000000
Deutschland	3262	Marco Reus	Linksaußen	Borussia Dortmund	16	31.05.1989	26	45000000	1.Bundesliga	637000000
Deutschland	3262	André Schürrle	Linksaußen	VfL Wolfsburg	82	06.11.1990	25	18000000	1.Bundesliga	637000000
Deutschland	3262	Leroy Sané	Rechtsaußen	FC Schalke 04	33	11.01.1996	20	18000000	1.Bundesliga	637000000
Deutschland	3262	Karim Bellarabi	Rechtsaußen	Bayer 04 Leverkusen	15	08.04.1990	26	16000000	1.Bundesliga	637000000
Deutschland	3262	Thomas Müller	Hängende Spitze	FC Bayern München	27	13.09.1989	26	75000000	1.Bundesliga	637000000
Deutschland	3262	Mario Gómez	Mittelstürmer	Besiktas Istanbul	114	10.07.1985	30	12000000	Süper Lig	637000000
Deutschland	3262	Lukas Podolski	Mittelstürmer	Galatasaray Istanbul	141	04.06.1985	30	8000000	Süper Lig	637000000
England	3299	Joe Hart	Torwart	Manchester City	281	19.04.1987	29	16000000	Premier League	471000000
England	3299	Fraser Forster	Torwart	FC Southampton	180	17.03.1988	28	12000000	Premier League	471000000
England	3299	Tom Heaton	Torwart	FC Burnley	1132	15.04.1986	30	3000000	Championship	471000000
England	3299	John Stones	Innenverteidiger	FC Everton	29	28.05.1994	21	30000000	Premier League	471000000
England	3299	Chris Smalling	Innenverteidiger	Manchester United	985	22.11.1989	26	19000000	Premier League	471000000
England	3299	Gary Cahill	Innenverteidiger	FC Chelsea	631	19.12.1985	30	17000000	Premier League	471000000
England	3299	Ryan Bertrand	Linker Verteidiger	FC Southampton	180	05.08.1989	26	12000000	Premier League	471000000
England	3299	Danny Rose	Linker Verteidiger	Tottenham Hotspur	148	02.07.1990	25	11000000	Premier League	471000000
England	3299	Nathaniel Clyne	Rechter Verteidiger	FC Liverpool	31	05.04.1991	25	20000000	Premier League	471000000
England	3299	Kyle Walker	Rechter Verteidiger	Tottenham Hotspur	148	28.05.1990	25	13000000	Premier League	471000000
England	3299	Eric Dier	Defensives Mittelfeld	Tottenham Hotspur	148	15.01.1994	22	15000000	Premier League	471000000
England	3299	Jordan Henderson	Zentrales Mittelfeld	FC Liverpool	31	17.06.1990	25	28000000	Premier League	471000000
England	3299	Jack Wilshere	Zentrales Mittelfeld	FC Arsenal	11	01.01.1992	24	25000000	Premier League	471000000
England	3299	James Milner	Zentrales Mittelfeld	FC Liverpool	31	04.01.1986	30	14000000	Premier League	471000000
England	3299	Dele Alli	Zentrales Mittelfeld	Tottenham Hotspur	148	11.04.1996	20	12000000	Premier League	471000000
England	3299	Fabian Delph	Zentrales Mittelfeld	Manchester City	281	21.11.1989	26	10000000	Premier League	471000000
England	3299	Danny Drinkwater	Zentrales Mittelfeld	Leicester City	1003	05.03.1990	26	6000000	Premier League	471000000
England	3299	Ross Barkley	Offensives Mittelfeld	FC Everton	29	05.12.1993	22	21000000	Premier League	471000000
England	3299	Adam Lallana	Offensives Mittelfeld	FC Liverpool	31	10.05.1988	28	18000000	Premier League	471000000
England	3299	Andros Townsend	Rechtsaußen	Newcastle United	762	16.07.1991	24	9000000	Premier League	471000000
England	3299	Raheem Sterling	Linksaußen	Manchester City	281	08.12.1994	21	50000000	Premier League	471000000
England	3299	Wayne Rooney	Hängende Spitze	Manchester United	985	24.10.1985	30	40000000	Premier League	471000000
England	3299	Harry Kane	Mittelstürmer	Tottenham Hotspur	148	28.07.1993	22	30000000	Premier League	471000000
England	3299	Daniel Sturridge	Mittelstürmer	FC Liverpool	31	01.09.1989	26	25000000	Premier League	471000000
England	3299	Jamie Vardy	Mittelstürmer	Leicester City	1003	11.01.1987	29	12000000	Premier League	471000000
England	3299	Marcus Rashford	Mittelstürmer	Manchester United	985	31.10.1997	18	3000000	Premier League	471000000
Frankreich	3377	Hugo Lloris	Torwart	Tottenham Hotspur	148	26.12.1986	29	22000000	Premier League	452500000
Frankreich	3377	Steve Mandanda	Torwart	Olympique Marseille	244	28.03.1985	31	10000000	Ligue 1	452500000
Frankreich	3377	Benoît Costil	Torwart	FC Stade Rennes	273	03.07.1987	28	8000000	Ligue 1	452500000
Frankreich	3377	Raphaël Varane	Innenverteidiger	Real Madrid	418	25.04.1993	23	30000000	Primera División	452500000
Frankreich	3377	Eliaquim Mangala	Innenverteidiger	Manchester City	281	13.02.1991	25	26000000	Premier League	452500000
Frankreich	3377	Laurent Koscielny	Innenverteidiger	FC Arsenal	11	10.09.1985	30	22000000	Premier League	452500000
Frankreich	3377	Jérémy Mathieu	Innenverteidiger	FC Barcelona	131	29.10.1983	32	10000000	Primera División	452500000
Frankreich	3377	Lucas Digne	Linker Verteidiger	AS Rom	12	20.07.1993	22	10000000	Serie A	452500000
Frankreich	3377	Patrice Evra	Linker Verteidiger	Juventus Turin	506	15.05.1981	35	2000000	Serie A	452500000
Frankreich	3377	Bacary Sagna	Rechter Verteidiger	Manchester City	281	14.02.1983	33	7000000	Premier League	452500000
Frankreich	3377	Christophe Jallet	Rechter Verteidiger	Olympique Lyon	1041	31.10.1983	32	2000000	Ligue 1	452500000
Frankreich	3377	Lassana Diarra	Defensives Mittelfeld	Olympique Marseille	244	10.03.1985	31	7500000	Ligue 1	452500000
Frankreich	3377	Paul Pogba	Zentrales Mittelfeld	Juventus Turin	506	15.03.1993	23	65000000	Serie A	452500000
Frankreich	3377	Blaise Matuidi	Zentrales Mittelfeld	FC Paris Saint-Germain	583	09.04.1987	29	30000000	Ligue 1	452500000
Frankreich	3377	Yohan Cabaye	Zentrales Mittelfeld	Crystal Palace	873	14.01.1986	30	18000000	Premier League	452500000
Frankreich	3377	Moussa Sissoko	Zentrales Mittelfeld	Newcastle United	762	16.08.1989	26	15000000	Premier League	452500000
Frankreich	3377	N'Golo Kanté	Zentrales Mittelfeld	Leicester City	1003	29.03.1991	25	10000000	Premier League	452500000
Frankreich	3377	Dimitri Payet	Offensives Mittelfeld	West Ham United	379	29.03.1987	29	18000000	Premier League	452500000
Frankreich	3377	Kingsley Coman	Rechtsaußen	FC Bayern München	27	13.06.1996	19	15000000	1.Bundesliga	452500000
Frankreich	3377	Antoine Griezmann	Hängende Spitze	Atlético Madrid	13	21.03.1991	25	60000000	Primera División	452500000
Frankreich	3377	Anthony Martial	Mittelstürmer	Manchester United	985	05.12.1995	20	30000000	Premier League	452500000
Frankreich	3377	Olivier Giroud	Mittelstürmer	FC Arsenal	11	30.09.1986	29	27000000	Premier League	452500000
Frankreich	3377	André-Pierre Gignac	Mittelstürmer	Tigres UANL	7055	05.12.1985	30	8000000	Liga MX Clausura	452500000
Irland	3509	Keiren Westwood	Torwart	Sheffield Wednesday	1035	23.10.1984	31	1500000	Championship	NA
Irland	3509	Darren Randolph	Torwart	West Ham United	379	12.05.1987	29	1000000	Premier League	NA
Irland	3509	Shay Given	Torwart	Stoke City	512	20.04.1976	40	500000	Premier League	NA
Irland	3509	David Forde	Torwart	FC Millwall	1028	20.12.1979	36	250000	League One	NA
Irland	3509	Ciaran Clark	Innenverteidiger	Aston Villa	405	26.09.1989	26	4500000	Premier League	NA
Irland	3509	Marc Wilson	Innenverteidiger	Stoke City	512	17.08.1987	28	3000000	Premier League	NA
Irland	3509	Richard Keogh	Innenverteidiger	Derby County	22	11.08.1986	29	1800000	Championship	NA
Irland	3509	Shane Duffy	Innenverteidiger	Blackburn Rovers	164	01.01.1992	24	1500000	Championship	NA
Irland	3509	Alex Pearce	Innenverteidiger	Bristol City	698	09.11.1988	27	1250000	Championship	NA
Irland	3509	John O'Shea	Innenverteidiger	AFC Sunderland	289	30.04.1981	35	1000000	Premier League	NA
Irland	3509	Paul McShane	Innenverteidiger	FC Reading	1032	06.01.1986	30	1000000	Championship	NA
Irland	3509	Robbie Brady	Linker Verteidiger	Norwich City	1123	14.01.1992	24	6000000	Premier League	NA
Irland	3509	Stephen Ward	Linker Verteidiger	FC Burnley	1132	20.08.1985	30	1000000	Championship	NA
Irland	3509	Seamus Coleman	Rechter Verteidiger	FC Everton	29	11.10.1988	27	19000000	Premier League	NA
Irland	3509	Cyrus Christie	Rechter Verteidiger	Derby County	22	30.09.1992	23	1000000	Championship	NA
Irland	3509	Glenn Whelan	Defensives Mittelfeld	Stoke City	512	13.01.1984	32	3000000	Premier League	NA
Irland	3509	James McCarthy	Zentrales Mittelfeld	FC Everton	29	12.11.1990	25	17000000	Premier League	NA
Irland	3509	Darron Gibson	Zentrales Mittelfeld	FC Everton	29	25.10.1987	28	2500000	Premier League	NA
Irland	3509	David Meyler	Zentrales Mittelfeld	Hull City	3008	29.05.1989	26	2500000	Championship	NA
Irland	3509	Harry Arter	Zentrales Mittelfeld	AFC Bournemouth	989	28.12.1989	26	1500000	Premier League	NA
Irland	3509	Eunan O'Kane	Zentrales Mittelfeld	AFC Bournemouth	989	10.07.1990	25	1500000	Premier League	NA
Irland	3509	Stephen Quinn	Zentrales Mittelfeld	FC Reading	1032	01.04.1986	30	1500000	Championship	NA
Irland	3509	Jeff Hendrick	Zentrales Mittelfeld	Derby County	22	31.01.1992	24	1500000	Championship	NA
Irland	3509	Jonny Hayes	Rechtes Mittelfeld	Aberdeen FC	370	09.07.1987	28	750000	Scottish Premiership	NA
Irland	3509	Callum O'Dowda	Linkes Mittelfeld	Oxford United	988	23.04.1995	21	NA	NA	NA
Irland	3509	Wesley Hoolahan	Offensives Mittelfeld	Norwich City	1123	20.05.1982	34	2000000	Premier League	NA
Irland	3509	Anthony Pilkington	Linksaußen	Cardiff City	603	06.06.1988	27	2500000	Championship	NA
Irland	3509	Aiden McGeady	Rechtsaußen	Sheffield Wednesday	1035	04.04.1986	30	4500000	Championship	NA
Irland	3509	James McClean	Linksaußen	West Bromwich Albion	984	22.04.1989	27	3000000	Premier League	NA
Irland	3509	Jonathan Walters	Rechtsaußen	Stoke City	512	20.09.1983	32	3500000	Premier League	NA
Irland	3509	Shane Long	Mittelstürmer	FC Southampton	180	22.01.1987	29	10000000	Premier League	NA
Irland	3509	Robbie Keane	Mittelstürmer	Los Angeles Galaxy	1061	08.07.1980	35	1000000	Major League Soccer	NA
Irland	3509	Daryl Murphy	Mittelstürmer	Ipswich Town	677	15.03.1983	33	1000000	Championship	NA
Irland	3509	Kevin Doyle	Mittelstürmer	Colorado Rapids	1247	18.09.1983	32	1000000	Major League Soccer	NA
Irland	3509	David McGoldrick	Mittelstürmer	Ipswich Town	677	29.11.1987	28	1000000	Championship	NA
Island	3574	Hannes Thór Halldórsson	Torwart	FK Bodö/Glimt	501	27.04.1984	32	400000	NA	41550000
Island	3574	Ögmundur Kristinsson	Torwart	Hammarby IF	1059	19.06.1989	26	350000	NA	41550000
Island	3574	Ingvar Jónsson	Torwart	Sandefjord Fotball	6399	18.10.1989	26	100000	NA	41550000
Island	3574	Ragnar Sigurdsson	Innenverteidiger	FK Krasnodar	16704	19.06.1986	29	6000000	Premier Liga	41550000
Island	3574	Sverrir Ingi Ingason	Innenverteidiger	KSC Lokeren	498	05.08.1993	22	900000	Jupiler Pro League	41550000
Island	3574	Kári Arnason	Innenverteidiger	Malmö FF	496	13.10.1982	33	600000	Allsvenskan	41550000
Island	3574	Hördur Magnússon	Innenverteidiger	AC Cesena	1429	11.02.1993	23	500000	Serie B	41550000
Island	3574	Hjörtur Hermannsson	Innenverteidiger	IFK Göteborg	801	08.02.1995	21	200000	Allsvenskan	41550000
Island	3574	Ari Freyr Skúlason	Linker Verteidiger	Odense Boldklub	173	14.05.1987	29	700000	Alka Superligaen	41550000
Island	3574	Birkir Már Saevarsson	Rechter Verteidiger	Hammarby IF	1059	11.11.1984	31	500000	NA	41550000
Island	3574	Haukur Heidar Hauksson	Rechter Verteidiger	AIK Solna	272	01.09.1991	24	500000	NA	41550000
Island	3574	Rúnar Már Sigurjónsson	Defensives Mittelfeld	GIF Sundsvall	2843	18.06.1990	25	400000	NA	41550000
Island	3574	Aron Gunnarsson	Zentrales Mittelfeld	Cardiff City	603	22.04.1989	27	3000000	Championship	41550000
Island	3574	Emil Hallfredsson	Zentrales Mittelfeld	Udinese Calcio	410	29.06.1984	31	3000000	Serie A	41550000
Island	3574	Birkir Bjarnason	Rechtes Mittelfeld	FC Basel 1893	26	27.05.1988	27	2500000	Raiffeisen Super League	41550000
Island	3574	Arnór Ingvi Traustason	Linkes Mittelfeld	IFK Norrköping	2844	30.04.1993	23	800000	Allsvenskan	41550000
Island	3574	Elmar Bjarnason	Linkes Mittelfeld	Aarhus GF	678	04.03.1987	29	500000	Alka Superligaen	41550000
Island	3574	Gylfi Sigurdsson	Offensives Mittelfeld	Swansea City	2288	09.09.1989	26	11000000	Premier League	41550000
Island	3574	Johann Berg Gudmundsson	Linksaußen	Charlton Athletic	358	27.10.1990	25	2000000	Championship	41550000
Island	3574	Alfred Finnbogason	Mittelstürmer	FC Augsburg	167	01.02.1989	27	3500000	1.Bundesliga	41550000
Island	3574	Kolbeinn Sigthórsson	Mittelstürmer	FC Nantes	995	14.03.1990	26	3000000	Ligue 1	41550000
Island	3574	Jón Dadi Bödvarsson	Mittelstürmer	1.FC Kaiserslautern	2	25.05.1992	23	800000	2.Bundesliga	41550000
Island	3574	Eidur Gudjohnsen	Mittelstürmer	Molde FK	687	15.09.1978	37	300000	Tippeligaen	41550000
Italien	3376	Salvatore Sirigu	Torwart	FC Paris Saint-Germain	583	12.01.1987	29	9000000	Ligue 1	343500000
Italien	3376	Federico Marchetti	Torwart	Lazio Rom	398	07.02.1983	33	5500000	Serie A	343500000
Italien	3376	Gianluigi Buffon	Torwart	Juventus Turin	506	28.01.1978	38	2000000	Serie A	343500000
Italien	3376	Leonardo Bonucci	Innenverteidiger	Juventus Turin	506	01.05.1987	29	30000000	Serie A	343500000
Italien	3376	Giorgio Chiellini	Innenverteidiger	Juventus Turin	506	14.08.1984	31	15000000	Serie A	343500000
Italien	3376	Daniele Rugani	Innenverteidiger	Juventus Turin	506	29.07.1994	21	10000000	Serie A	343500000
Italien	3376	Angelo Ogbonna	Innenverteidiger	West Ham United	379	23.05.1988	28	9000000	Premier League	343500000
Italien	3376	Davide Astori	Innenverteidiger	AC Florenz	430	07.01.1987	29	7500000	Serie A	343500000
Italien	3376	Andrea Barzagli	Innenverteidiger	Juventus Turin	506	08.05.1981	35	3000000	Serie A	343500000
Italien	3376	Matteo Darmian	Rechter Verteidiger	Manchester United	985	02.12.1989	26	15000000	Premier League	343500000
Italien	3376	Davide Zappacosta	Rechter Verteidiger	FC Turin	416	11.06.1992	23	5000000	Serie A	343500000
Italien	3376	Mattia De Sciglio	Rechter Verteidiger	AC Mailand	5	20.10.1992	23	5000000	Serie A	343500000
Italien	3376	Jorginho	Defensives Mittelfeld	SSC Neapel	6195	20.12.1991	24	18000000	Serie A	343500000
Italien	3376	Daniele De Rossi	Defensives Mittelfeld	AS Rom	12	24.07.1983	32	7000000	Serie A	343500000
Italien	3376	Riccardo Montolivo	Defensives Mittelfeld	AC Mailand	5	18.01.1985	31	5000000	Serie A	343500000
Italien	3376	Thiago Motta	Defensives Mittelfeld	FC Paris Saint-Germain	583	28.08.1982	33	3000000	Ligue 1	343500000
Italien	3376	Alessandro Florenzi	Zentrales Mittelfeld	AS Rom	12	11.03.1991	25	20000000	Serie A	343500000
Italien	3376	Stefano Sturaro	Zentrales Mittelfeld	Juventus Turin	506	09.03.1993	23	10000000	Serie A	343500000
Italien	3376	Marco Parolo	Zentrales Mittelfeld	Lazio Rom	398	25.01.1985	31	7500000	Serie A	343500000
Italien	3376	Marco Benassi	Zentrales Mittelfeld	FC Turin	416	08.09.1994	21	5000000	Serie A	343500000
Italien	3376	Giacomo Bonaventura	Linksaußen	AC Mailand	5	22.08.1989	26	21000000	Serie A	343500000
Italien	3376	Antonio Candreva	Rechtsaußen	Lazio Rom	398	28.02.1987	29	25000000	Serie A	343500000
Italien	3376	Lorenzo Insigne	Linksaußen	SSC Neapel	6195	04.06.1991	24	25000000	Serie A	343500000
Italien	3376	Stephan El Shaarawy	Linksaußen	AS Rom	12	27.10.1992	23	15000000	Serie A	343500000
Italien	3376	Federico Bernardeschi	Rechtsaußen	AC Florenz	430	16.02.1994	22	15000000	Serie A	343500000
Italien	3376	Emanuele Giaccherini	Rechtsaußen	FC Bologna	1025	05.05.1985	31	4000000	Serie A	343500000
Italien	3376	Éder	Mittelstürmer	Inter Mailand	46	15.11.1986	29	15000000	Serie A	343500000
Italien	3376	Simone Zaza	Mittelstürmer	Juventus Turin	506	25.06.1991	24	11000000	Serie A	343500000
Italien	3376	Graziano Pellè	Mittelstürmer	FC Southampton	180	15.07.1985	30	11000000	Premier League	343500000
Italien	3376	Ciro Immobile	Mittelstürmer	FC Turin	416	20.02.1990	26	10000000	Serie A	343500000
Kroatien	3556	Danijel Subasic	Torwart	AS Monaco	162	27.10.1984	31	5000000	Ligue 1	286900000
Kroatien	3556	Lovre Kalinic	Torwart	HNK Hajduk Split	447	03.04.1990	26	2500000	NA	286900000
Kroatien	3556	Ivan Vargic	Torwart	HNK Rijeka	144	15.03.1987	29	1750000	1.HNL	286900000
Kroatien	3556	Dominik Livakovic	Torwart	NK Zagreb	5107	09.01.1995	21	650000	NA	286900000
Kroatien	3556	Vedran Corluka	Innenverteidiger	Lokomotiv Moskau	932	05.02.1986	30	11000000	Premier Liga	286900000
Kroatien	3556	Tin Jedvaj	Innenverteidiger	Bayer 04 Leverkusen	15	28.11.1995	20	8000000	1.Bundesliga	286900000
Kroatien	3556	Domagoj Vida	Innenverteidiger	Dynamo Kiew	338	29.04.1989	27	7500000	Premier Liga	286900000
Kroatien	3556	Gordon Schildenfeld	Innenverteidiger	GNK Dinamo Zagreb	419	18.03.1985	31	1500000	1.HNL	286900000
Kroatien	3556	Duje Caleta–Car	Innenverteidiger	Red Bull Salzburg	409	17.09.1996	19	1500000	Bundesliga	286900000
Kroatien	3556	Ivan Strinic	Linker Verteidiger	SSC Neapel	6195	17.07.1987	28	5000000	Serie A	286900000
Kroatien	3556	Sime Vrsaljko	Rechter Verteidiger	US Sassuolo	6574	10.01.1992	24	9000000	Serie A	286900000
Kroatien	3556	Darijo Srna	Rechter Verteidiger	Shakhtar Donetsk	660	01.05.1982	34	5000000	Premier Liga	286900000
Kroatien	3556	Milan Badelj	Defensives Mittelfeld	AC Florenz	430	25.02.1989	27	7000000	Serie A	286900000
Kroatien	3556	Luka Modric	Zentrales Mittelfeld	Real Madrid	418	09.09.1985	30	50000000	Primera División	286900000
Kroatien	3556	Ivan Rakitic	Zentrales Mittelfeld	FC Barcelona	131	10.03.1988	28	45000000	Primera División	286900000
Kroatien	3556	Mateo Kovacic	Zentrales Mittelfeld	Real Madrid	418	06.05.1994	22	20000000	Primera División	286900000
Kroatien	3556	Marcelo Brozovic	Zentrales Mittelfeld	Inter Mailand	46	16.11.1992	23	15000000	Serie A	286900000
Kroatien	3556	Domagoj Antolic	Zentrales Mittelfeld	GNK Dinamo Zagreb	419	30.06.1990	25	2500000	1.HNL	286900000
Kroatien	3556	Alen Halilovic	Offensives Mittelfeld	Sporting Gijón	2448	18.06.1996	19	10000000	NA	286900000
Kroatien	3556	Ante Coric	Offensives Mittelfeld	GNK Dinamo Zagreb	419	14.04.1997	19	6000000	1.HNL	286900000
Kroatien	3556	Marko Rog	Offensives Mittelfeld	GNK Dinamo Zagreb	419	19.07.1995	20	5000000	1.HNL	286900000
Kroatien	3556	Marko Pjaca	Linksaußen	GNK Dinamo Zagreb	419	06.05.1995	21	7000000	1.HNL	286900000
Kroatien	3556	Ivan Perisic	Linksaußen	Inter Mailand	46	02.02.1989	27	19000000	Serie A	286900000
Kroatien	3556	Mario Mandzukic	Mittelstürmer	Juventus Turin	506	21.05.1986	30	19000000	Serie A	286900000
Kroatien	3556	Nikola Kalinic	Mittelstürmer	AC Florenz	430	05.01.1988	28	15000000	Serie A	286900000
Kroatien	3556	Andrej Kramaric	Mittelstürmer	TSG 1899 Hoffenheim	533	19.06.1991	24	5000000	1.Bundesliga	286900000
Kroatien	3556	Duje Cop	Mittelstürmer	FC Málaga	1084	01.02.1990	26	3000000	Primera División	286900000
Nordirland	5674	Michael McGovern	Torwart	Hamilton Academical FC	2999	12.07.1984	31	500000	NA	36800000
Nordirland	5674	Alan Mannus	Torwart	St. Johnstone FC	2578	19.05.1982	34	450000	NA	36800000
Nordirland	5674	Roy Carroll	Torwart	Notts County	1045	30.09.1977	38	150000	NA	36800000
Nordirland	5674	Jonny Evans	Innenverteidiger	West Bromwich Albion	984	03.01.1988	28	6000000	Premier League	36800000
Nordirland	5674	Patrick McNair	Innenverteidiger	Manchester United	985	27.04.1995	21	4500000	Premier League	36800000
Nordirland	5674	Craig Cathcart	Innenverteidiger	FC Watford	1010	06.02.1989	27	3000000	Premier League	36800000
Nordirland	5674	Gareth McAuley	Innenverteidiger	West Bromwich Albion	984	05.12.1979	36	500000	Premier League	36800000
Nordirland	5674	Aaron Hughes	Innenverteidiger	Melbourne City FC	25580	08.11.1979	36	350000	NA	36800000
Nordirland	5674	Luke McCullough	Innenverteidiger	Doncaster Rovers	2454	15.02.1994	22	300000	NA	36800000
Nordirland	5674	Danny Lafferty	Linker Verteidiger	FC Burnley	1132	18.05.1989	27	500000	Championship	36800000
Nordirland	5674	Lee Hodson	Rechter Verteidiger	Kilmarnock FC	2553	02.10.1991	24	350000	NA	36800000
Nordirland	5674	Conor McLaughlin	Rechter Verteidiger	Fleetwood Town	11177	26.07.1991	24	250000	NA	36800000
Nordirland	5674	Michael Smith	Rechter Verteidiger	Peterborough United	1072	04.09.1988	27	200000	League One	36800000
Nordirland	5674	Chris Baird	Defensives Mittelfeld	Derby County	22	25.02.1982	34	500000	Championship	36800000
Nordirland	5674	Steven Davis	Zentrales Mittelfeld	FC Southampton	180	01.01.1985	31	5500000	Premier League	36800000
Nordirland	5674	Oliver Norwood	Zentrales Mittelfeld	FC Reading	1032	12.04.1991	25	2000000	Championship	36800000
Nordirland	5674	Stuart Dallas	Linkes Mittelfeld	Leeds United	399	19.04.1991	25	1500000	Championship	36800000
Nordirland	5674	Shane Ferguson	Linkes Mittelfeld	FC Millwall	1028	12.07.1991	24	1000000	League One	36800000
Nordirland	5674	Ben Reeves	Offensives Mittelfeld	Milton Keynes Dons	991	19.11.1991	24	250000	Championship	36800000
Nordirland	5674	Paddy McCourt	Linksaußen	Luton Town	1031	16.12.1983	32	400000	NA	36800000
Nordirland	5674	Jamie Ward	Linksaußen	Nottingham Forest	703	12.05.1986	30	1750000	Championship	36800000
Nordirland	5674	Niall McGinn	Rechtsaußen	Aberdeen FC	370	20.07.1987	28	750000	Scottish Premiership	36800000
Nordirland	5674	Kyle Lafferty	Mittelstürmer	Birmingham City	337	16.09.1987	28	2000000	Championship	36800000
Nordirland	5674	Conor Washington	Mittelstürmer	Queens Park Rangers	1039	18.05.1992	24	2000000	Championship	36800000
Nordirland	5674	Will Grigg	Mittelstürmer	Wigan Athletic	1071	03.07.1991	24	1000000	League One	36800000
Nordirland	5674	Billy McKay	Mittelstürmer	Wigan Athletic	1071	22.10.1988	27	500000	League One	36800000
Nordirland	5674	Josh Magennis	Mittelstürmer	Kilmarnock FC	2553	15.08.1990	25	300000	NA	36800000
Nordirland	5674	Liam Boyce	Mittelstürmer	Ross County FC	2759	08.04.1991	25	300000	NA	36800000
Österreich	3383	Ramazan Özcan	Torwart	FC Ingolstadt 04	4795	28.06.1984	31	1250000	1.Bundesliga	130350000
Österreich	3383	Robert Almer	Torwart	FK Austria Wien	14	20.03.1984	32	1000000	Bundesliga	130350000
Österreich	3383	Heinz Lindner	Torwart	Eintracht Frankfurt	24	17.07.1990	25	1000000	1.Bundesliga	130350000
Österreich	3383	Aleksandar Dragovic	Innenverteidiger	Dynamo Kiew	338	06.03.1991	25	13000000	Premier Liga	130350000
Österreich	3383	Martin Hinteregger	Innenverteidiger	Borussia Mönchengladbach	18	07.09.1992	23	9000000	1.Bundesliga	130350000
Österreich	3383	Kevin Wimmer	Innenverteidiger	Tottenham Hotspur	148	15.11.1992	23	6500000	Premier League	130350000
Österreich	3383	Sebastian Prödl	Innenverteidiger	FC Watford	1010	21.06.1987	28	4000000	Premier League	130350000
Österreich	3383	David Alaba	Linker Verteidiger	FC Bayern München	27	24.06.1992	23	45000000	1.Bundesliga	130350000
Österreich	3383	Christian Fuchs	Linker Verteidiger	Leicester City	1003	07.04.1986	30	4500000	Premier League	130350000
Österreich	3383	Markus Suttner	Linker Verteidiger	FC Ingolstadt 04	4795	16.04.1987	29	1500000	1.Bundesliga	130350000
Österreich	3383	Florian Klein	Rechter Verteidiger	VfB Stuttgart	79	17.11.1986	29	2000000	1.Bundesliga	130350000
Österreich	3383	György Garics	Rechter Verteidiger	SV Darmstadt 98	105	08.03.1984	32	750000	1.Bundesliga	130350000
Österreich	3383	Julian Baumgartlinger	Defensives Mittelfeld	1.FSV Mainz 05	39	02.01.1988	28	4000000	1.Bundesliga	130350000
Österreich	3383	Stefan Ilsanker	Defensives Mittelfeld	RasenBallsport Leipzig	23826	18.05.1989	27	1800000	2.Bundesliga	130350000
Österreich	3383	Zlatko Junuzovic	Zentrales Mittelfeld	SV Werder Bremen	86	26.09.1987	28	7000000	1.Bundesliga	130350000
Österreich	3383	Jakob Jantscher	Linkes Mittelfeld	FC Luzern	434	08.01.1989	27	1500000	Raiffeisen Super League	130350000
Österreich	3383	Alessandro Schöpf	Offensives Mittelfeld	FC Schalke 04	33	07.02.1994	22	4000000	1.Bundesliga	130350000
Österreich	3383	Valentino Lazaro	Linksaußen	Red Bull Salzburg	409	24.03.1996	20	2000000	Bundesliga	130350000
Österreich	3383	Marko Arnautovic	Linksaußen	Stoke City	512	19.04.1989	27	8000000	Premier League	130350000
Österreich	3383	Martin Harnik	Rechtsaußen	VfB Stuttgart	79	10.06.1987	28	3500000	1.Bundesliga	130350000
Österreich	3383	Marcel Sabitzer	Hängende Spitze	RasenBallsport Leipzig	23826	17.03.1994	22	4000000	2.Bundesliga	130350000
Österreich	3383	Lukas Hinterseer	Mittelstürmer	FC Ingolstadt 04	4795	28.03.1991	25	2000000	1.Bundesliga	130350000
Österreich	3383	Marc Janko	Mittelstürmer	FC Basel 1893	26	25.06.1983	32	1750000	Raiffeisen Super League	130350000
Österreich	3383	Rubin Okotie	Mittelstürmer	TSV 1860 München	72	06.06.1987	28	1300000	2.Bundesliga	130350000
Polen	3442	Wojciech Szczesny	Torwart	AS Rom	12	18.04.1990	26	10000000	Serie A	185800000
Polen	3442	Lukasz Fabianski	Torwart	Swansea City	2288	18.04.1985	31	7000000	Premier League	185800000
Polen	3442	Przemyslaw Tyton	Torwart	VfB Stuttgart	79	04.01.1987	29	2500000	1.Bundesliga	185800000
Polen	3442	Artur Boruc	Torwart	AFC Bournemouth	989	20.02.1980	36	1000000	Premier League	185800000
Polen	3442	Kamil Glik	Innenverteidiger	FC Turin	416	03.02.1988	28	11000000	Serie A	185800000
Polen	3442	Michal Pazdan	Innenverteidiger	Legia Warschau	255	21.09.1987	28	1700000	Ekstraklasa	185800000
Polen	3442	Bartosz Salamon	Innenverteidiger	Cagliari Calcio	1390	01.05.1991	25	1500000	Serie B	185800000
Polen	3442	Thiago Cionek	Innenverteidiger	US Palermo	458	21.04.1986	30	700000	Serie A	185800000
Polen	3442	Jakub Wawrzyniak	Linker Verteidiger	Lechia Gdansk	4000	07.07.1983	32	350000	Ekstraklasa	185800000
Polen	3442	Lukasz Piszczek	Rechter Verteidiger	Borussia Dortmund	16	03.06.1985	30	7000000	1.Bundesliga	185800000
Polen	3442	Artur Jedrzejczyk	Rechter Verteidiger	Legia Warschau	255	04.11.1987	28	3000000	Ekstraklasa	185800000
Polen	3442	Grzegorz Krychowiak	Defensives Mittelfeld	FC Sevilla	368	29.01.1990	26	25000000	Primera División	185800000
Polen	3442	Tomasz Jodlowiec	Defensives Mittelfeld	Legia Warschau	255	08.09.1985	30	1500000	Ekstraklasa	185800000
Polen	3442	Pawel Dawidowicz	Defensives Mittelfeld	Benfica Lissabon B	10330	20.05.1995	21	1500000	Ledman Liga Pro	185800000
Polen	3442	Piotr Zielinski	Zentrales Mittelfeld	FC Empoli	749	20.05.1994	22	7000000	Serie A	185800000
Polen	3442	Karol Linetty	Zentrales Mittelfeld	Lech Posen	238	02.02.1995	21	3000000	Ekstraklasa	185800000
Polen	3442	Krzysztof Maczynski	Zentrales Mittelfeld	Wisla Krakau	422	23.05.1987	29	1000000	Ekstraklasa	185800000
Polen	3442	Filip Starzynski	Offensives Mittelfeld	Zaglebie Lubin	168	27.05.1991	24	650000	NA	185800000
Polen	3442	Maciej Rybus	Linksaußen	Terek Grozny	3725	19.08.1989	26	5000000	Premier Liga	185800000
Polen	3442	Bartosz Kapustka	Linksaußen	Cracovia Krakau	5689	23.12.1996	19	2000000	Ekstraklasa	185800000
Polen	3442	Slawomir Peszko	Linksaußen	Lechia Gdansk	4000	19.02.1985	31	400000	Ekstraklasa	185800000
Polen	3442	Jakub Blaszczykowski	Rechtsaußen	AC Florenz	430	14.12.1985	30	8000000	Serie A	185800000
Polen	3442	Kamil Grosicki	Rechtsaußen	FC Stade Rennes	273	08.06.1988	27	2500000	Ligue 1	185800000
Polen	3442	Robert Lewandowski	Mittelstürmer	FC Bayern München	27	21.08.1988	27	70000000	1.Bundesliga	185800000
Polen	3442	Arkadiusz Milik	Mittelstürmer	Ajax Amsterdam	610	28.02.1994	22	10000000	Eredivisie	185800000
Polen	3442	Artur Sobiech	Mittelstürmer	Hannover 96	42	12.06.1990	25	1500000	1.Bundesliga	185800000
Polen	3442	Mariusz Stepinski	Mittelstürmer	Ruch Chorzow	318	12.05.1995	21	1000000	NA	185800000
Portugal	3300	Rui Patrício	Torwart	Sporting Lissabon	336	15.02.1988	28	14000000	Liga NOS	321700000
Portugal	3300	Anthony Lopes	Torwart	Olympique Lyon	1041	01.10.1990	25	12000000	Ligue 1	321700000
Portugal	3300	Eduardo	Torwart	GNK Dinamo Zagreb	419	19.09.1982	33	1500000	1.HNL	321700000
Portugal	3300	Pepe	Innenverteidiger	Real Madrid	418	26.02.1983	33	6000000	Primera División	321700000
Portugal	3300	José Fonte	Innenverteidiger	FC Southampton	180	22.12.1983	32	5000000	Premier League	321700000
Portugal	3300	Bruno Alves	Innenverteidiger	Fenerbahce Istanbul	36	27.11.1981	34	2200000	Süper Lig	321700000
Portugal	3300	Ricardo Carvalho	Innenverteidiger	AS Monaco	162	18.05.1978	38	500000	Ligue 1	321700000
Portugal	3300	Raphaël Guerreiro	Linker Verteidiger	FC Lorient	1158	22.12.1993	22	7500000	Ligue 1	321700000
Portugal	3300	Eliseu	Linker Verteidiger	Benfica Lissabon	294	01.10.1983	32	2000000	Liga NOS	321700000
Portugal	3300	Cédric Soares	Rechter Verteidiger	FC Southampton	180	31.08.1991	24	11000000	Premier League	321700000
Portugal	3300	Vieirinha	Rechter Verteidiger	VfL Wolfsburg	82	24.01.1986	30	8000000	1.Bundesliga	321700000
Portugal	3300	William Carvalho	Defensives Mittelfeld	Sporting Lissabon	336	07.04.1992	24	26000000	Liga NOS	321700000
Portugal	3300	Danilo Pereira	Defensives Mittelfeld	FC Porto	720	09.09.1991	24	8000000	Liga NOS	321700000
Portugal	3300	João Moutinho	Zentrales Mittelfeld	AS Monaco	162	08.09.1986	29	18000000	Ligue 1	321700000
Portugal	3300	André Gomes	Zentrales Mittelfeld	FC Valencia	1049	30.07.1993	22	18000000	Primera División	321700000
Portugal	3300	Adrien Silva	Zentrales Mittelfeld	Sporting Lissabon	336	15.03.1989	27	14000000	Liga NOS	321700000
Portugal	3300	Renato Sanches	Zentrales Mittelfeld	Benfica Lissabon	294	18.08.1997	18	10000000	Liga NOS	321700000
Portugal	3300	Rafa Silva	Linksaußen	SC Braga	1075	17.05.1993	23	11000000	Liga NOS	321700000
Portugal	3300	João Mário	Rechtsaußen	Sporting Lissabon	336	19.01.1993	23	12000000	Liga NOS	321700000
Portugal	3300	Cristiano Ronaldo	Linksaußen	Real Madrid	418	05.02.1985	31	110000000	Primera División	321700000
Portugal	3300	Nani	Rechtsaußen	Fenerbahce Istanbul	36	17.11.1986	29	16000000	Süper Lig	321700000
Portugal	3300	Ricardo Quaresma	Rechtsaußen	Besiktas Istanbul	114	26.09.1983	32	4000000	Süper Lig	321700000
Portugal	3300	Éder	Mittelstürmer	LOSC Lille	1082	22.12.1987	28	5000000	Ligue 1	321700000
Rumänien	3447	Costel Pantilimon	Torwart	FC Watford	1010	01.02.1987	29	6000000	Premier League	64500000
Rumänien	3447	Ciprian Tatarusanu	Torwart	AC Florenz	430	09.02.1986	30	5000000	Serie A	64500000
Rumänien	3447	Silviu Lung Jr.	Torwart	Astra Giurgiu	13499	04.06.1989	26	2500000	Liga 1	64500000
Rumänien	3447	Vlad Chiriches	Innenverteidiger	SSC Neapel	6195	14.11.1989	26	6000000	Serie A	64500000
Rumänien	3447	Valerica Gaman	Innenverteidiger	Astra Giurgiu	13499	25.02.1989	27	1800000	Liga 1	64500000
Rumänien	3447	Dragos Grigore	Innenverteidiger	Al-Sailiya Sport Club	4630	07.09.1986	29	1800000	NA	64500000
Rumänien	3447	Alin Tosca	Innenverteidiger	Steaua Bukarest	301	14.03.1992	24	1500000	Liga 1	64500000
Rumänien	3447	Cosmin Moti	Innenverteidiger	PFK Ludogorets Razgrad	31614	03.12.1984	31	1350000	A Grupa	64500000
Rumänien	3447	Steliano Filip	Linker Verteidiger	Dinamo Bukarest	312	15.05.1994	22	1250000	Liga 1	64500000
Rumänien	3447	Razvan Rat	Linker Verteidiger	Rayo Vallecano	367	26.05.1981	34	800000	Primera División	64500000
Rumänien	3447	Alexandru Matel	Rechter Verteidiger	GNK Dinamo Zagreb	419	17.10.1989	26	1000000	1.HNL	64500000
Rumänien	3447	Cristian Sapunaru	Rechter Verteidiger	Pandurii Targu Jiu	8715	05.04.1984	32	1000000	NA	64500000
Rumänien	3447	Mihai Pintilii	Defensives Mittelfeld	Steaua Bukarest	301	09.11.1984	31	1000000	Liga 1	64500000
Rumänien	3447	Ovidiu Hoban	Defensives Mittelfeld	Hapoel Beer Sheva	2976	27.12.1982	33	800000	NA	64500000
Rumänien	3447	Andrei Prepelita	Zentrales Mittelfeld	PFK Ludogorets Razgrad	31614	08.12.1985	30	2000000	A Grupa	64500000
Rumänien	3447	Adrian Ropotan	Zentrales Mittelfeld	Pandurii Targu Jiu	8715	08.05.1986	30	650000	NA	64500000
Rumänien	3447	Lucian Sanmartean	Zentrales Mittelfeld	Al-Ittihad Dschidda	8023	13.03.1980	36	400000	Saudi Professional League	64500000
Rumänien	3447	Alexandru Maxim	Offensives Mittelfeld	VfB Stuttgart	79	08.07.1990	25	4000000	1.Bundesliga	64500000
Rumänien	3447	Nicolae Stanciu	Offensives Mittelfeld	Steaua Bukarest	301	07.05.1993	23	2500000	Liga 1	64500000
Rumänien	3447	Adrian Popa	Rechtsaußen	Steaua Bukarest	301	24.07.1988	27	1800000	Liga 1	64500000
Rumänien	3447	Alexandru Chipciu	Linksaußen	Steaua Bukarest	301	18.05.1989	27	2500000	Liga 1	64500000
Rumänien	3447	Gabriel Torje	Rechtsaußen	Osmanlispor FK	2944	22.11.1989	26	4250000	Süper Lig	64500000
Rumänien	3447	Ioan Hora	Rechtsaußen	Pandurii Targu Jiu	8715	21.08.1988	27	1500000	NA	64500000
Rumänien	3447	Claudiu Keserü	Mittelstürmer	PFK Ludogorets Razgrad	31614	02.12.1986	29	4000000	A Grupa	64500000
Rumänien	3447	Bogdan Stancu	Mittelstürmer	Genclerbirligi Ankara	820	28.06.1987	28	4000000	Süper Lig	64500000
Rumänien	3447	Florin Andone	Mittelstürmer	FC Córdoba	993	11.04.1993	23	2500000	NA	64500000
Rumänien	3447	Denis Alibec	Mittelstürmer	Astra Giurgiu	13499	05.01.1991	25	1700000	Liga 1	64500000
Rumänien	3447	Andrei Ivan	Mittelstürmer	CS U Craiova	40812	04.01.1997	19	900000	Liga 1 - Abstiegsrunde	64500000
Russland	3448	Igor Akinfeev	Torwart	ZSKA Moskau	2410	08.04.1986	30	14000000	Premier Liga	149500000
Russland	3448	Yuri Lodygin	Torwart	Zenit St. Petersburg	964	26.05.1990	25	8000000	Premier Liga	149500000
Russland	3448	Guilherme	Torwart	Lokomotiv Moskau	932	12.12.1985	30	6000000	Premier Liga	149500000
Russland	3448	Roman Neustädter	Innenverteidiger	FC Schalke 04	33	18.02.1988	28	7000000	1.Bundesliga	149500000
Russland	3448	Vasili Berezutski	Innenverteidiger	ZSKA Moskau	2410	20.06.1982	33	3000000	Premier Liga	149500000
Russland	3448	Aleksey Berezutski	Innenverteidiger	ZSKA Moskau	2410	20.06.1982	33	1000000	Premier Liga	149500000
Russland	3448	Sergey Ignashevich	Innenverteidiger	ZSKA Moskau	2410	14.07.1979	36	500000	Premier Liga	149500000
Russland	3448	Georgi Schennikov	Linker Verteidiger	ZSKA Moskau	2410	27.04.1991	25	5000000	Premier Liga	149500000
Russland	3448	Igor Smolnikov	Rechter Verteidiger	Zenit St. Petersburg	964	08.08.1988	27	10000000	Premier Liga	149500000
Russland	3448	Roman Shishkin	Rechter Verteidiger	Lokomotiv Moskau	932	27.01.1987	29	4000000	Premier Liga	149500000
Russland	3448	Igor Denisov	Defensives Mittelfeld	Dinamo Moskau	121	17.05.1984	32	6000000	Premier Liga	149500000
Russland	3448	Oleg Shatov	Zentrales Mittelfeld	Zenit St. Petersburg	964	29.07.1990	25	13000000	Premier Liga	149500000
Russland	3448	Pavel Mamaev	Zentrales Mittelfeld	FK Krasnodar	16704	17.09.1988	27	9000000	Premier Liga	149500000
Russland	3448	Denis Glushakov	Zentrales Mittelfeld	Spartak Moskau	232	27.01.1987	29	5000000	Premier Liga	149500000
Russland	3448	Roman Shirokov	Zentrales Mittelfeld	ZSKA Moskau	2410	06.07.1981	34	2000000	Premier Liga	149500000
Russland	3448	Aleksandr Samedov	Rechtes Mittelfeld	Lokomotiv Moskau	932	19.07.1984	31	5000000	Premier Liga	149500000
Russland	3448	Dmitri Kombarov	Linkes Mittelfeld	Spartak Moskau	232	22.01.1987	29	7000000	Premier Liga	149500000
Russland	3448	Alan Dzagoev	Offensives Mittelfeld	ZSKA Moskau	2410	17.06.1990	25	16000000	Premier Liga	149500000
Russland	3448	Oleg Ivanov	Offensives Mittelfeld	Terek Grozny	3725	04.08.1986	29	4000000	Premier Liga	149500000
Russland	3448	Aleksandr Golovin	Offensives Mittelfeld	ZSKA Moskau	2410	30.05.1996	19	500000	Premier Liga	149500000
Russland	3448	Dmitri Torbinski	Linksaußen	FK Krasnodar	16704	28.04.1984	32	1500000	Premier Liga	149500000
Russland	3448	Artem Dzyuba	Mittelstürmer	Zenit St. Petersburg	964	22.08.1988	27	9000000	Premier Liga	149500000
Russland	3448	Aleksandr Kokorin	Mittelstürmer	Zenit St. Petersburg	964	19.03.1991	25	8000000	Premier Liga	149500000
Russland	3448	Fedor Smolov	Mittelstürmer	FK Krasnodar	16704	09.02.1990	26	5000000	Premier Liga	149500000
Schweden	3557	Robin Olsen	Torwart	FC Kopenhagen	190	08.01.1990	26	1500000	Alka Superligaen	86850000
Schweden	3557	Andreas Isaksson	Torwart	Kasimpasa	10484	03.10.1981	34	1200000	Süper Lig	86850000
Schweden	3557	Patrik Carlgren	Torwart	AIK Solna	272	08.01.1992	24	800000	NA	86850000
Schweden	3557	Andreas Granqvist	Innenverteidiger	FK Krasnodar	16704	16.04.1985	31	8000000	Premier Liga	86850000
Schweden	3557	Victor Lindelöf	Innenverteidiger	Benfica Lissabon	294	17.07.1994	21	2500000	Liga NOS	86850000
Schweden	3557	Pontus Jansson	Innenverteidiger	FC Turin	416	13.02.1991	25	1300000	Serie A	86850000
Schweden	3557	Erik Johansson	Innenverteidiger	FC Kopenhagen	190	30.12.1988	27	1000000	Alka Superligaen	86850000
Schweden	3557	Martin Olsson	Linker Verteidiger	Norwich City	1123	17.05.1988	28	4000000	Premier League	86850000
Schweden	3557	Ludwig Augustinsson	Linker Verteidiger	FC Kopenhagen	190	21.04.1994	22	3000000	Alka Superligaen	86850000
Schweden	3557	Mikael Lustig	Rechter Verteidiger	Celtic Glasgow	371	13.12.1986	29	3500000	Scottish Premiership	86850000
Schweden	3557	Pontus Wernbloom	Defensives Mittelfeld	ZSKA Moskau	2410	25.06.1986	29	10000000	Premier Liga	86850000
Schweden	3557	Kim Källström	Defensives Mittelfeld	Grasshopper Club	504	24.08.1982	33	1500000	Raiffeisen Super League	86850000
Schweden	3557	Oscar Lewicki	Defensives Mittelfeld	Malmö FF	496	14.07.1992	23	1500000	Allsvenskan	86850000
Schweden	3557	Albin Ekdal	Zentrales Mittelfeld	Hamburger SV	41	28.07.1989	26	4500000	1.Bundesliga	86850000
Schweden	3557	Sebastian Larsson	Zentrales Mittelfeld	AFC Sunderland	289	06.06.1985	30	3500000	Premier League	86850000
Schweden	3557	Oscar Hiljemark	Zentrales Mittelfeld	US Palermo	458	28.06.1992	23	3000000	Serie A	86850000
Schweden	3557	Emil Forsberg	Linksaußen	RasenBallsport Leipzig	23826	23.10.1991	24	4000000	2.Bundesliga	86850000
Schweden	3557	Jimmy Durmaz	Linksaußen	Olympiakos Piräus	683	22.03.1989	27	3750000	Super League	86850000
Schweden	3557	Erkan Zengin	Linksaußen	Trabzonspor	449	05.08.1985	30	3300000	Süper Lig	86850000
Schweden	3557	Zlatan Ibrahimovic	Mittelstürmer	FC Paris Saint-Germain	583	03.10.1981	34	15000000	Ligue 1	86850000
Schweden	3557	Marcus Berg	Mittelstürmer	Panathinaikos Athen	265	17.08.1986	29	5000000	Super League	86850000
Schweden	3557	John Guidetti	Mittelstürmer	Celta Vigo	940	15.04.1992	24	4000000	Primera División	86850000
Schweden	3557	Emir Kujovic	Mittelstürmer	IFK Norrköping	2844	22.06.1988	27	1000000	Allsvenskan	86850000
Schweiz	3384	Yann Sommer	Torwart	Borussia Mönchengladbach	18	17.12.1988	27	10000000	1.Bundesliga	190650000
Schweiz	3384	Roman Bürki	Torwart	Borussia Dortmund	16	14.11.1990	25	6000000	1.Bundesliga	190650000
Schweiz	3384	Marwin Hitz	Torwart	FC Augsburg	167	18.09.1987	28	4500000	1.Bundesliga	190650000
Schweiz	3384	Yvon Mvogo	Torwart	BSC Young Boys	452	06.06.1994	21	3000000	Raiffeisen Super League	190650000
Schweiz	3384	Fabian Schär	Innenverteidiger	TSG 1899 Hoffenheim	533	20.12.1991	24	4000000	1.Bundesliga	190650000
Schweiz	3384	Nico Elvedi	Innenverteidiger	Borussia Mönchengladbach	18	30.09.1996	19	4000000	1.Bundesliga	190650000
Schweiz	3384	Johan Djourou	Innenverteidiger	Hamburger SV	41	18.01.1987	29	3500000	1.Bundesliga	190650000
Schweiz	3384	Steve von Bergen	Innenverteidiger	BSC Young Boys	452	10.06.1983	32	1000000	Raiffeisen Super League	190650000
Schweiz	3384	Philippe Senderos	Innenverteidiger	Grasshopper Club	504	14.02.1985	31	900000	Raiffeisen Super League	190650000
Schweiz	3384	Ricardo Rodríguez	Linker Verteidiger	VfL Wolfsburg	82	25.08.1992	23	28000000	1.Bundesliga	190650000
Schweiz	3384	François Moubandje	Linker Verteidiger	FC Toulouse	415	21.06.1990	25	1500000	Ligue 1	190650000
Schweiz	3384	Stephan Lichtsteiner	Rechter Verteidiger	Juventus Turin	506	16.01.1984	32	7500000	Serie A	190650000
Schweiz	3384	Silvan Widmer	Rechter Verteidiger	Udinese Calcio	410	05.03.1993	23	6500000	Serie A	190650000
Schweiz	3384	Michael Lang	Rechter Verteidiger	FC Basel 1893	26	08.02.1991	25	4250000	Raiffeisen Super League	190650000
Schweiz	3384	Valon Behrami	Defensives Mittelfeld	FC Watford	1010	19.04.1985	31	3000000	Premier League	190650000
Schweiz	3384	Gelson Fernandes	Defensives Mittelfeld	FC Stade Rennes	273	02.09.1986	29	3000000	Ligue 1	190650000
Schweiz	3384	Denis Zakaria	Defensives Mittelfeld	BSC Young Boys	452	20.11.1996	19	2500000	Raiffeisen Super League	190650000
Schweiz	3384	Granit Xhaka	Zentrales Mittelfeld	Borussia Mönchengladbach	18	27.09.1992	23	25000000	1.Bundesliga	190650000
Schweiz	3384	Fabian Frei	Zentrales Mittelfeld	1.FSV Mainz 05	39	08.01.1989	27	4000000	1.Bundesliga	190650000
Schweiz	3384	Luca Zuffi	Zentrales Mittelfeld	FC Basel 1893	26	27.03.1990	26	3750000	Raiffeisen Super League	190650000
Schweiz	3384	Blerim Dzemaili	Zentrales Mittelfeld	FC Genua 1893	252	12.04.1986	30	3500000	Serie A	190650000
Schweiz	3384	Renato Steffen	Rechtes Mittelfeld	FC Basel 1893	26	03.11.1991	24	4000000	Raiffeisen Super League	190650000
Schweiz	3384	Xherdan Shaqiri	Rechtsaußen	Stoke City	512	10.10.1991	24	16000000	Premier League	190650000
Schweiz	3384	Admir Mehmedi	Hängende Spitze	Bayer 04 Leverkusen	15	16.03.1991	25	7000000	1.Bundesliga	190650000
Schweiz	3384	Shani Tarashaj	Hängende Spitze	Grasshopper Club	504	07.02.1995	21	4000000	Raiffeisen Super League	190650000
Schweiz	3384	Breel Embolo	Mittelstürmer	FC Basel 1893	26	14.02.1997	19	20000000	Raiffeisen Super League	190650000
Schweiz	3384	Haris Seferovic	Mittelstürmer	Eintracht Frankfurt	24	22.02.1992	24	6000000	1.Bundesliga	190650000
Schweiz	3384	Eren Derdiyok	Mittelstürmer	Kasimpasa	10484	12.06.1988	27	4250000	Süper Lig	190650000
Slowakei	3503	Matús Kozácik	Torwart	FC Viktoria Pilsen	941	27.12.1983	32	1000000	Synot Liga	93750000
Slowakei	3503	Ján Novota	Torwart	SK Rapid Wien	170	29.11.1983	32	800000	Bundesliga	93750000
Slowakei	3503	Ján Mucha	Torwart	Slovan Bratislava	540	05.12.1982	33	600000	NA	93750000
Slowakei	3503	Martin Skrtel	Innenverteidiger	FC Liverpool	31	15.12.1984	31	13000000	Premier League	93750000
Slowakei	3503	Tomas Hubocan	Innenverteidiger	Dinamo Moskau	121	17.09.1985	30	6500000	Premier Liga	93750000
Slowakei	3503	Norbert Gyömber	Innenverteidiger	AS Rom	12	03.07.1992	23	800000	Serie A	93750000
Slowakei	3503	Milan Skriniar	Innenverteidiger	Sampdoria Genua	1038	11.02.1995	21	600000	Serie A	93750000
Slowakei	3503	Kornel Salata	Innenverteidiger	Slovan Bratislava	540	24.01.1985	31	550000	NA	93750000
Slowakei	3503	Jan Durica	Innenverteidiger	Lokomotiv Moskau	932	10.11.1981	34	400000	Premier Liga	93750000
Slowakei	3503	Lukás Tesák	Linker Verteidiger	Kairat Almaty	10482	08.03.1985	31	750000	NA	93750000
Slowakei	3503	Peter Pekarík	Rechter Verteidiger	Hertha BSC	44	30.10.1986	29	2750000	1.Bundesliga	93750000
Slowakei	3503	Viktor Pecovsky	Defensives Mittelfeld	MSK Zilina	1443	24.05.1983	33	350000	Fortuna Liga	93750000
Slowakei	3503	Marek Hamsik	Zentrales Mittelfeld	SSC Neapel	6195	27.07.1987	28	35000000	Serie A	93750000
Slowakei	3503	Juraj Kucka	Zentrales Mittelfeld	AC Mailand	5	26.02.1987	29	8000000	Serie A	93750000
Slowakei	3503	Patrik Hrosovsky	Zentrales Mittelfeld	FC Viktoria Pilsen	941	22.04.1992	24	1750000	Synot Liga	93750000
Slowakei	3503	Erik Sabo	Zentrales Mittelfeld	PAOK Thessaloniki	1091	22.11.1991	24	900000	Super League	93750000
Slowakei	3503	Jan Gregus	Zentrales Mittelfeld	FK Jablonec	1322	29.01.1991	25	600000	NA	93750000
Slowakei	3503	Matus Bero	Zentrales Mittelfeld	AS Trencin	7918	06.09.1995	20	550000	NA	93750000
Slowakei	3503	Ondrej Duda	Offensives Mittelfeld	Legia Warschau	255	05.12.1994	21	3500000	Ekstraklasa	93750000
Slowakei	3503	Róbert Mak	Linksaußen	PAOK Thessaloniki	1091	08.03.1991	25	3000000	Super League	93750000
Slowakei	3503	Dusan Svento	Linksaußen	1.FC Köln	3	01.08.1985	30	1000000	1.Bundesliga	93750000
Slowakei	3503	Miroslav Stoch	Linksaußen	Bursaspor	20	19.10.1989	26	5000000	Süper Lig	93750000
Slowakei	3503	Vladimír Weiss	Linksaußen	Al-Gharafa Sports Club	6297	30.11.1989	26	3100000	Qatar Stars League	93750000
Slowakei	3503	Michal Duris	Hängende Spitze	FC Viktoria Pilsen	941	01.06.1988	27	1750000	Synot Liga	93750000
Slowakei	3503	Stanislav Sestak	Mittelstürmer	Ferencváros Budapest	279	16.12.1982	33	700000	Nemzeti Bajnokság	93750000
Slowakei	3503	Adam Zrelak	Mittelstürmer	Slovan Bratislava	540	05.05.1994	22	450000	NA	93750000
Slowakei	3503	Adam Nemec	Mittelstürmer	Willem II Tilburg	403	02.09.1985	30	350000	Eredivisie	93750000
Spanien	3375	David de Gea	Torwart	Manchester United	985	07.11.1990	25	35000000	Premier League	629500000
Spanien	3375	Sergio Rico	Torwart	FC Sevilla	368	01.09.1993	22	10000000	Primera División	629500000
Spanien	3375	Iker Casillas	Torwart	FC Porto	720	20.05.1981	35	4000000	Liga NOS	629500000
Spanien	3375	Gerard Piqué	Innenverteidiger	FC Barcelona	131	02.02.1987	29	40000000	Primera División	629500000
Spanien	3375	Sergio Ramos	Innenverteidiger	Real Madrid	418	30.03.1986	30	40000000	Primera División	629500000
Spanien	3375	Marc Bartra	Innenverteidiger	FC Barcelona	131	15.01.1991	25	12000000	Primera División	629500000
Spanien	3375	Jordi Alba	Linker Verteidiger	FC Barcelona	131	21.03.1989	27	35000000	Primera División	629500000
Spanien	3375	Daniel Carvajal	Rechter Verteidiger	Real Madrid	418	11.01.1992	24	25000000	Primera División	629500000
Spanien	3375	César Azpilicueta	Rechter Verteidiger	FC Chelsea	631	28.08.1989	26	20000000	Premier League	629500000
Spanien	3375	Juanfran	Rechter Verteidiger	Atlético Madrid	13	09.01.1985	31	16000000	Primera División	629500000
Spanien	3375	Sergio Busquets	Defensives Mittelfeld	FC Barcelona	131	16.07.1988	27	50000000	Primera División	629500000
Spanien	3375	Mikel San José	Defensives Mittelfeld	Athletic Bilbao	621	30.05.1989	26	8000000	Primera División	629500000
Spanien	3375	Bruno Soriano	Defensives Mittelfeld	FC Villarreal	1050	12.06.1984	31	8000000	Primera División	629500000
Spanien	3375	Cesc Fàbregas	Zentrales Mittelfeld	FC Chelsea	631	04.05.1987	29	45000000	Premier League	629500000
Spanien	3375	Andrés Iniesta	Zentrales Mittelfeld	FC Barcelona	131	11.05.1984	32	35000000	Primera División	629500000
Spanien	3375	Thiago	Zentrales Mittelfeld	FC Bayern München	27	11.04.1991	25	25000000	1.Bundesliga	629500000
Spanien	3375	Saúl Ñíguez	Zentrales Mittelfeld	Atlético Madrid	13	21.11.1994	21	20000000	Primera División	629500000
Spanien	3375	Isco	Offensives Mittelfeld	Real Madrid	418	21.04.1992	24	40000000	Primera División	629500000
Spanien	3375	David Silva	Offensives Mittelfeld	Manchester City	281	08.01.1986	30	38000000	Premier League	629500000
Spanien	3375	Koke	Linksaußen	Atlético Madrid	13	08.01.1992	24	50000000	Primera División	629500000
Spanien	3375	Pedro	Rechtsaußen	FC Chelsea	631	28.07.1987	28	23000000	Premier League	629500000
Spanien	3375	Nolito	Linksaußen	Celta Vigo	940	15.10.1986	29	15000000	Primera División	629500000
Spanien	3375	Lucas Vázquez	Rechtsaußen	Real Madrid	418	01.07.1991	24	7500000	Primera División	629500000
Spanien	3375	Álvaro Morata	Mittelstürmer	Juventus Turin	506	23.10.1992	23	25000000	Serie A	629500000
Spanien	3375	Aritz Aduriz	Mittelstürmer	Athletic Bilbao	621	11.02.1981	35	3000000	Primera División	629500000
Tschechien	3445	Petr Cech	Torwart	FC Arsenal	11	20.05.1982	34	12000000	Premier League	66200000
Tschechien	3445	Tomás Vaclík	Torwart	FC Basel 1893	26	29.03.1989	27	4000000	Raiffeisen Super League	66200000
Tschechien	3445	Tomas Koubek	Torwart	FC Slovan Liberec	697	26.08.1992	23	900000	NA	66200000
Tschechien	3445	Marek Suchy	Innenverteidiger	FC Basel 1893	26	29.03.1988	28	4500000	Raiffeisen Super League	66200000
Tschechien	3445	Tomás Sivok	Innenverteidiger	Bursaspor	20	15.09.1983	32	2500000	Süper Lig	66200000
Tschechien	3445	Michal Kadlec	Innenverteidiger	Fenerbahce Istanbul	36	13.12.1984	31	2000000	Süper Lig	66200000
Tschechien	3445	Roman Hubník	Innenverteidiger	FC Viktoria Pilsen	941	06.06.1984	31	400000	Synot Liga	66200000
Tschechien	3445	David Limbersky	Linker Verteidiger	FC Viktoria Pilsen	941	06.10.1983	32	1500000	Synot Liga	66200000
Tschechien	3445	Daniel Pudil	Linker Verteidiger	Sheffield Wednesday	1035	27.09.1985	30	1500000	Championship	66200000
Tschechien	3445	Pavel Kaderábek	Rechter Verteidiger	TSG 1899 Hoffenheim	533	25.04.1992	24	3500000	1.Bundesliga	66200000
Tschechien	3445	Theodor Gebre Selassie	Rechter Verteidiger	SV Werder Bremen	86	24.12.1986	29	3000000	1.Bundesliga	66200000
Tschechien	3445	Lukas Marecek	Defensives Mittelfeld	AC Sparta Prag	197	17.04.1990	26	1250000	Synot Liga	66200000
Tschechien	3445	Vladimír Darida	Zentrales Mittelfeld	Hertha BSC	44	08.08.1990	25	7000000	1.Bundesliga	66200000
Tschechien	3445	David Pavelka	Zentrales Mittelfeld	Kasimpasa	10484	18.05.1991	25	1500000	Süper Lig	66200000
Tschechien	3445	Jaroslav Plasil	Zentrales Mittelfeld	FC Girondins Bordeaux	40	05.01.1982	34	1000000	Ligue 1	66200000
Tschechien	3445	Daniel Kolar	Offensives Mittelfeld	FC Viktoria Pilsen	941	27.10.1985	30	1750000	Synot Liga	66200000
Tschechien	3445	Tomás Rosicky	Offensives Mittelfeld	FC Arsenal	11	04.10.1980	35	1500000	Premier League	66200000
Tschechien	3445	Ladislav Krejcí	Linksaußen	AC Sparta Prag	197	05.07.1992	23	3750000	Synot Liga	66200000
Tschechien	3445	Borek Dockal	Rechtsaußen	AC Sparta Prag	197	30.09.1988	27	2750000	Synot Liga	66200000
Tschechien	3445	Jirí Skalák	Rechtsaußen	Brighton & Hove Albion	1237	12.03.1992	24	1250000	Championship	66200000
Tschechien	3445	Josef Sural	Rechtsaußen	AC Sparta Prag	197	30.05.1990	25	1750000	Synot Liga	66200000
Tschechien	3445	Tomas Necid	Mittelstürmer	Bursaspor	20	13.08.1989	26	4500000	Süper Lig	66200000
Tschechien	3445	David Lafata	Mittelstürmer	AC Sparta Prag	197	18.09.1981	34	1000000	Synot Liga	66200000
Tschechien	3445	Milan Skoda	Mittelstürmer	SK Slavia Prag	62	16.01.1986	30	900000	Synot Liga	66200000
Tschechien	3445	Patrik Schick	Mittelstürmer	FC Bohemians Prag 1905	715	24.01.1996	20	500000	NA	66200000
Türkei	3381	Volkan Babacan	Torwart	Medipol Basaksehir	6890	11.08.1988	27	7500000	Süper Lig	228650000
Türkei	3381	Onur Kivrak	Torwart	Trabzonspor	449	01.01.1988	28	7500000	Süper Lig	228650000
Türkei	3381	Harun Tekin	Torwart	Bursaspor	20	17.06.1989	26	1500000	Süper Lig	228650000
Türkei	3381	Ali Sasal Vural	Torwart	Eskisehirspor	825	10.07.1990	25	600000	Süper Lig	228650000
Türkei	3381	Semih Kaya	Innenverteidiger	Galatasaray Istanbul	141	24.02.1991	25	7500000	Süper Lig	228650000
Türkei	3381	Serdar Aziz	Innenverteidiger	Bursaspor	20	23.10.1990	25	5000000	Süper Lig	228650000
Türkei	3381	Ahmet Calik	Innenverteidiger	Genclerbirligi Ankara	820	26.02.1994	22	4000000	Süper Lig	228650000
Türkei	3381	Hakan Balta	Innenverteidiger	Galatasaray Istanbul	141	23.03.1983	33	1200000	Süper Lig	228650000
Türkei	3381	Caglar Söyüncü	Innenverteidiger	Altinordu	12374	23.05.1996	20	1000000	NA	228650000
Türkei	3381	Caner Erkin	Linker Verteidiger	Fenerbahce Istanbul	36	04.10.1988	27	11000000	Süper Lig	228650000
Türkei	3381	Ismail Köybasi	Linker Verteidiger	Besiktas Istanbul	114	10.07.1989	26	4000000	Süper Lig	228650000
Türkei	3381	Gökhan Gönül	Rechter Verteidiger	Fenerbahce Istanbul	36	04.01.1985	31	6500000	Süper Lig	228650000
Türkei	3381	Sener Özbayrakli	Rechter Verteidiger	Fenerbahce Istanbul	36	23.01.1990	26	5000000	Süper Lig	228650000
Türkei	3381	Mehmet Topal	Defensives Mittelfeld	Fenerbahce Istanbul	36	03.03.1986	30	12000000	Süper Lig	228650000
Türkei	3381	Ozan Tufan	Defensives Mittelfeld	Fenerbahce Istanbul	36	23.03.1995	21	7500000	Süper Lig	228650000
Türkei	3381	Mahmut Tekdemir	Defensives Mittelfeld	Medipol Basaksehir	6890	20.01.1988	28	4250000	Süper Lig	228650000
Türkei	3381	Oguzhan Özyakup	Zentrales Mittelfeld	Besiktas Istanbul	114	23.09.1992	23	9500000	Süper Lig	228650000
Türkei	3381	Nuri Sahin	Zentrales Mittelfeld	Borussia Dortmund	16	05.09.1988	27	7500000	1.Bundesliga	228650000
Türkei	3381	Selcuk Inan	Zentrales Mittelfeld	Galatasaray Istanbul	141	10.02.1985	31	7000000	Süper Lig	228650000
Türkei	3381	Arda Turan	Offensives Mittelfeld	FC Barcelona	131	30.01.1987	29	35000000	Primera División	228650000
Türkei	3381	Hakan Calhanoglu	Offensives Mittelfeld	Bayer 04 Leverkusen	15	08.02.1994	22	18000000	1.Bundesliga	228650000
Türkei	3381	Yunus Malli	Offensives Mittelfeld	1.FSV Mainz 05	39	24.02.1992	24	9000000	1.Bundesliga	228650000
Türkei	3381	Alper Potuk	Linksaußen	Fenerbahce Istanbul	36	08.04.1991	25	8000000	Süper Lig	228650000
Türkei	3381	Olcay Sahan	Linksaußen	Besiktas Istanbul	114	26.05.1987	28	7000000	Süper Lig	228650000
Türkei	3381	Yasin Öztekin	Linksaußen	Galatasaray Istanbul	141	19.03.1987	29	5750000	Süper Lig	228650000
Türkei	3381	Gökhan Töre	Rechtsaußen	Besiktas Istanbul	114	20.01.1992	24	15000000	Süper Lig	228650000
Türkei	3381	Volkan Sen	Linksaußen	Fenerbahce Istanbul	36	07.07.1987	28	5250000	Süper Lig	228650000
Türkei	3381	Cenk Tosun	Mittelstürmer	Besiktas Istanbul	114	07.06.1991	24	7000000	Süper Lig	228650000
Türkei	3381	Burak Yilmaz	Mittelstürmer	Beijing Guoan	3176	15.07.1985	30	5500000	Chinese Super League	228650000
Türkei	3381	Mevlüt Erdinc	Mittelstürmer	EA Guingamp	855	25.02.1987	29	3000000	Ligue 1	228650000
Türkei	3381	Emre Mor	Mittelstürmer	FC Nordsjaelland	2778	24.07.1997	18	100000	Alka Superligaen	228650000
Ukraine	3699	Andriy Pyatov	Torwart	Shakhtar Donetsk	660	28.06.1984	31	5000000	Premier Liga	128550000
Ukraine	3699	Denys Boyko	Torwart	Besiktas Istanbul	114	29.01.1988	28	4750000	Süper Lig	128550000
Ukraine	3699	Mykyta Shevchenko	Torwart	Zorya Lugansk	10690	26.01.1993	23	1800000	NA	128550000
Ukraine	3699	Yaroslav Rakitsky	Innenverteidiger	Shakhtar Donetsk	660	03.08.1989	26	10000000	Premier Liga	128550000
Ukraine	3699	Evgen Khacheridi	Innenverteidiger	Dynamo Kiew	338	28.07.1987	28	8500000	Premier Liga	128550000
Ukraine	3699	Oleksandr Kucher	Innenverteidiger	Shakhtar Donetsk	660	22.10.1982	33	1500000	Premier Liga	128550000
Ukraine	3699	Mykyta Kamenyuka	Linker Verteidiger	Zorya Lugansk	10690	03.06.1985	30	1000000	NA	128550000
Ukraine	3699	Vyacheslav Shevchuk	Linker Verteidiger	Shakhtar Donetsk	660	13.05.1979	37	600000	Premier Liga	128550000
Ukraine	3699	Artem Fedetsky	Rechter Verteidiger	Dnipro Dnipropetrovsk	339	26.04.1985	31	4000000	Premier Liga	128550000
Ukraine	3699	Taras Stepanenko	Defensives Mittelfeld	Shakhtar Donetsk	660	08.08.1989	26	8000000	Premier Liga	128550000
Ukraine	3699	Maksym Malyshev	Defensives Mittelfeld	Shakhtar Donetsk	660	24.12.1992	23	1000000	Premier Liga	128550000
Ukraine	3699	Anatoliy Tymoshchuk	Defensives Mittelfeld	Kairat Almaty	10482	30.03.1979	37	200000	NA	128550000
Ukraine	3699	Denys Garmash	Zentrales Mittelfeld	Dynamo Kiew	338	19.04.1990	26	5000000	Premier Liga	128550000
Ukraine	3699	Sergiy Sydorchuk	Zentrales Mittelfeld	Dynamo Kiew	338	02.05.1991	25	4000000	Premier Liga	128550000
Ukraine	3699	Sergiy Rybalka	Zentrales Mittelfeld	Dynamo Kiew	338	01.04.1990	26	4000000	Premier Liga	128550000
Ukraine	3699	Ruslan Rotan	Zentrales Mittelfeld	Dnipro Dnipropetrovsk	339	29.10.1981	34	1500000	Premier Liga	128550000
Ukraine	3699	Evgen Shakhov	Zentrales Mittelfeld	Dnipro Dnipropetrovsk	339	30.11.1990	25	1200000	Premier Liga	128550000
Ukraine	3699	Oleksandr Karavaev	Rechtes Mittelfeld	Zorya Lugansk	10690	02.06.1992	23	2000000	NA	128550000
Ukraine	3699	Ivan Petryak	Linkes Mittelfeld	Zorya Lugansk	10690	13.03.1994	22	1000000	NA	128550000
Ukraine	3699	Viktor Kovalenko	Offensives Mittelfeld	Shakhtar Donetsk	660	14.02.1996	20	2000000	Premier Liga	128550000
Ukraine	3699	Evgen Konoplyanka	Linksaußen	FC Sevilla	368	29.09.1989	26	25000000	Primera División	128550000
Ukraine	3699	Oleg Gusev	Rechtsaußen	Dynamo Kiew	338	25.04.1983	33	2000000	Premier Liga	128550000
Ukraine	3699	Andriy Yarmolenko	Rechtsaußen	Dynamo Kiew	338	23.10.1989	26	25000000	Premier Liga	128550000
Ukraine	3699	Artem Kravets	Mittelstürmer	VfB Stuttgart	79	03.06.1989	26	4000000	1.Bundesliga	128550000
Ukraine	3699	Roman Zozulya	Mittelstürmer	Dnipro Dnipropetrovsk	339	17.11.1989	26	3500000	Premier Liga	128550000
Ukraine	3699	Pylyp Budkivsky	Mittelstürmer	Zorya Lugansk	10690	10.03.1992	24	2000000	NA	128550000
Ungarn	3468	Balázs Megyeri	Torwart	FC Getafe	3709	31.03.1990	26	1500000	Primera División	31125000
Ungarn	3468	Dénes Dibusz	Torwart	Ferencváros Budapest	279	16.11.1990	25	1200000	Nemzeti Bajnokság	31125000
Ungarn	3468	Péter Gulácsi	Torwart	RasenBallsport Leipzig	23826	06.05.1990	26	500000	2.Bundesliga	31125000
Ungarn	3468	Gábor Király	Torwart	Szombathelyi Haladás	649	01.04.1976	40	250000	NA	31125000
Ungarn	3468	Roland Juhász	Innenverteidiger	Videoton FC	11107	01.07.1983	32	1000000	Nemzeti Bajnokság	31125000
Ungarn	3468	Richárd Guzmics	Innenverteidiger	Wisla Krakau	422	16.04.1987	29	750000	Ekstraklasa	31125000
Ungarn	3468	Ádám Lang	Innenverteidiger	Videoton FC	11107	17.01.1993	23	700000	Nemzeti Bajnokság	31125000
Ungarn	3468	Zsolt Korcsmár	Innenverteidiger	Vasas Budapest	5378	09.01.1989	27	600000	NA	31125000
Ungarn	3468	Gergő Kocsis	Innenverteidiger	Puskás Akadémia FC	37169	07.03.1994	22	75000	NA	31125000
Ungarn	3468	Tamás Kádár	Linker Verteidiger	Lech Posen	238	14.03.1990	26	750000	Ekstraklasa	31125000
Ungarn	3468	Mihály Korhut	Linker Verteidiger	Debreceni VSC	84	10.12.1988	27	450000	NA	31125000
Ungarn	3468	Attila Fiola	Rechter Verteidiger	Puskás Akadémia FC	37169	17.02.1990	26	750000	NA	31125000
Ungarn	3468	Barnabás Bese	Rechter Verteidiger	MTK Budapest	634	06.05.1994	22	350000	NA	31125000
Ungarn	3468	Ádám Nagy	Defensives Mittelfeld	Ferencváros Budapest	279	17.06.1995	20	1000000	Nemzeti Bajnokság	31125000
Ungarn	3468	Ádám Pintér	Defensives Mittelfeld	Ferencváros Budapest	279	12.06.1988	27	650000	Nemzeti Bajnokság	31125000
Ungarn	3468	Ákos Elek	Defensives Mittelfeld	Diósgyöri VTK	9241	21.07.1988	27	600000	NA	31125000
Ungarn	3468	Máté Vida	Defensives Mittelfeld	Vasas Budapest	5378	08.03.1996	20	200000	NA	31125000
Ungarn	3468	László Kleinheisler	Offensives Mittelfeld	SV Werder Bremen	86	08.04.1994	22	600000	1.Bundesliga	31125000
Ungarn	3468	Zoltán Gera	Offensives Mittelfeld	Ferencváros Budapest	279	22.04.1979	37	500000	Nemzeti Bajnokság	31125000
Ungarn	3468	Roland Sallai	Offensives Mittelfeld	Puskás Akadémia FC	37169	22.05.1997	19	250000	NA	31125000
Ungarn	3468	Zoltán Stieber	Linksaußen	1.FC Nürnberg	4	16.10.1988	27	1300000	2.Bundesliga	31125000
Ungarn	3468	Gergő Lovrencsics	Rechtsaußen	Lech Posen	238	01.09.1988	27	800000	Ekstraklasa	31125000
Ungarn	3468	Ádám Gyurcsó	Rechtsaußen	Pogon Stettin	324	06.03.1991	25	800000	NA	31125000
Ungarn	3468	Balázs Dzsudzsák	Rechtsaußen	Bursaspor	20	23.12.1986	29	6250000	Süper Lig	31125000
Ungarn	3468	Nemanja Nikolics	Mittelstürmer	Legia Warschau	255	31.12.1987	28	3500000	Ekstraklasa	31125000
Ungarn	3468	Ádám Szalai	Mittelstürmer	Hannover 96	42	09.12.1987	28	2500000	1.Bundesliga	31125000
Ungarn	3468	Krisztián Németh	Mittelstürmer	Al-Gharafa Sports Club	6297	05.01.1989	27	1400000	Qatar Stars League	31125000
Ungarn	3468	Dániel Böde	Mittelstürmer	Ferencváros Budapest	279	21.10.1986	29	800000	Nemzeti Bajnokság	31125000
Ungarn	3468	Tamás Priskin	Mittelstürmer	Slovan Bratislava	540	27.09.1986	29	700000	NA	31125000
Ungarn	3468	László Lencse	Mittelstürmer	Újpest FC	708	02.07.1988	27	400000	NA	31125000
Wales	3864	Wayne Hennessey	Torwart	Crystal Palace	873	24.01.1987	29	3000000	Premier League	98050000
Wales	3864	Danny Ward	Torwart	FC Liverpool	31	22.06.1993	22	1000000	Premier League	98050000
Wales	3864	Owain Fôn Williams	Torwart	Inverness Caledonian Thistle FC	2451	17.03.1987	29	250000	NA	98050000
Wales	3864	Ashley Williams	Innenverteidiger	Swansea City	2288	23.08.1984	31	6500000	Premier League	98050000
Wales	3864	James Chester	Innenverteidiger	West Bromwich Albion	984	23.01.1989	27	6000000	Premier League	98050000
Wales	3864	James Collins	Innenverteidiger	West Ham United	379	23.08.1983	32	2000000	Premier League	98050000
Wales	3864	Ben Davies	Linker Verteidiger	Tottenham Hotspur	148	24.04.1993	23	8000000	Premier League	98050000
Wales	3864	Neil Taylor	Linker Verteidiger	Swansea City	2288	07.02.1989	27	4500000	Premier League	98050000
Wales	3864	Paul Dummett	Linker Verteidiger	Newcastle United	762	26.09.1991	24	3500000	Premier League	98050000
Wales	3864	Chris Gunter	Rechter Verteidiger	FC Reading	1032	21.07.1989	26	2500000	Championship	98050000
Wales	3864	Adam Matthews	Rechter Verteidiger	Bristol City	698	13.01.1992	24	2500000	Championship	98050000
Wales	3864	Jazz Richards	Rechter Verteidiger	FC Fulham	931	12.04.1991	25	750000	Championship	98050000
Wales	3864	Adam Henley	Rechter Verteidiger	Blackburn Rovers	164	14.06.1994	21	500000	Championship	98050000
Wales	3864	Emyr Huws	Defensives Mittelfeld	Huddersfield Town	1110	30.09.1993	22	1500000	Championship	98050000
Wales	3864	David Vaughan	Defensives Mittelfeld	Nottingham Forest	703	18.02.1983	33	1250000	Championship	98050000
Wales	3864	Aaron Ramsey	Zentrales Mittelfeld	FC Arsenal	11	26.12.1990	25	30000000	Premier League	98050000
Wales	3864	Joe Allen	Zentrales Mittelfeld	FC Liverpool	31	14.03.1990	26	8000000	Premier League	98050000
Wales	3864	Joe Ledley	Zentrales Mittelfeld	Crystal Palace	873	23.01.1987	29	4000000	Premier League	98050000
Wales	3864	Andy King	Zentrales Mittelfeld	Leicester City	1003	29.10.1988	27	3000000	Premier League	98050000
Wales	3864	David Cotterill	Rechtes Mittelfeld	Birmingham City	337	04.12.1987	28	750000	Championship	98050000
Wales	3864	David Edwards	Offensives Mittelfeld	Wolverhampton Wanderers	543	03.02.1986	30	850000	Championship	98050000
Wales	3864	Jonathan Williams	Offensives Mittelfeld	Milton Keynes Dons	991	09.10.1993	22	750000	Championship	98050000
Wales	3864	George Williams	Offensives Mittelfeld	FC Gillingham	2814	07.09.1995	20	500000	NA	98050000
Wales	3864	Hal Robson-Kanu	Linksaußen	FC Reading	1032	21.05.1989	27	2000000	Championship	98050000
Wales	3864	Wes Burns	Rechtsaußen	Bristol City	698	28.10.1995	20	150000	Championship	98050000
Wales	3864	Tom Lawrence	Hängende Spitze	Cardiff City	603	13.01.1994	22	1000000	Championship	98050000
Wales	3864	Sam Vokes	Mittelstürmer	FC Burnley	1132	21.10.1989	26	2500000	Championship	98050000
Wales	3864	Simon Church	Mittelstürmer	Milton Keynes Dons	991	10.12.1988	27	500000	Championship	98050000
Wales	3864	Tom Bradshaw	Mittelstürmer	FC Walsall	899	27.07.1992	23	300000	NA	98050000